"","aa_subs","collection_date","accession_id","location","counts","region","mutation_name","fraction","per_abundance","ref","pos","alt","continent","country","state","city"
"Spike_D614G","Spike_D614G",2020-01-01,"EPI_ISL_4405694","South America/Argentina/Buenos Aires/Exaltación de la Cruz",11551573,"Spike","D614G",0.995043034704012,99.5043034704012,"D",614,"G","South America","Argentina","Buenos Aires","Exaltación de la Cruz"
"NSP12_P323L","NSP12_P323L",2020-01-01,"EPI_ISL_4405694","South America/Argentina/Buenos Aires/Exaltación de la Cruz",11513173,"NSP12","P323L",0.991735290162845,99.1735290162845,"P",323,"L","South America","Argentina","Buenos Aires","Exaltación de la Cruz"
"Spike_T478K","Spike_T478K",2020-03-12,"EPI_ISL_6661895","North America/USA/New York/Westchester County",9024745,"Spike","T478K",0.777384140863747,77.7384140863747,"T",478,"K","North America","USA","New York","Westchester County"
"NSP4_T492I","NSP4_T492I",2020-01-27,"EPI_ISL_17121378","North America/USA/Oklahoma/Oklahoma City",8993496,"NSP4","T492I",0.774692377604192,77.4692377604192,"T",492,"I","North America","USA","Oklahoma","Oklahoma City"
"Spike_G142D","Spike_G142D",2020-03-03,"EPI_ISL_2758215","Asia/India",7847034,"Spike","G142D",0.675937080152249,67.5937080152249,"G",142,"D","Asia","India",NA,NA
"N_R203K","N_R203K",2020-01-09,"EPI_ISL_2671842","Asia/Japan/Tokyo",6758704,"N","R203K",0.58218922555622,58.218922555622,"R",203,"K","Asia","Japan","Tokyo",NA
"N_G204R","N_G204R",2020-01-09,"EPI_ISL_2671842","Asia/Japan/Tokyo",6691624,"N","G204R",0.57641100931087,57.641100931087,"G",204,"R","Asia","Japan","Tokyo",NA
"Spike_P681H","Spike_P681H",2020-01-01,"EPI_ISL_3804266","Africa/Niger/Niamey",6555302,"Spike","P681H",0.564668343911368,56.4668343911368,"P",681,"H","Africa","Niger","Niamey",NA
"Spike_N501Y","Spike_N501Y",2020-02-07,"EPI_ISL_1603195","Europe/Spain/Castilla y Leon",6279437,"Spike","N501Y",0.540905558811138,54.0905558811138,"N",501,"Y","Europe","Spain","Castilla y Leon",NA
"Spike_H655Y","Spike_H655Y",2020-01-27,"EPI_ISL_17121378","North America/USA/Oklahoma/Oklahoma City",5601471,"Spike","H655Y",0.482506122988316,48.2506122988316,"H",655,"Y","North America","USA","Oklahoma","Oklahoma City"
"Spike_L452R","Spike_L452R",2020-01-26,"EPI_ISL_7946128","North America/USA/California/San Diego",5505085,"Spike","L452R",0.474203511911627,47.4203511911627,"L",452,"R","North America","USA","California","San Diego"
"Spike_N969K","Spike_N969K",2020-01-27,"EPI_ISL_17121378","North America/USA/Oklahoma/Oklahoma City",5482415,"Spike","N969K",0.472250736683809,47.2250736683809,"N",969,"K","North America","USA","Oklahoma","Oklahoma City"
"N_P13L","N_P13L",2020-01-27,"EPI_ISL_17121378","North America/USA/Oklahoma/Oklahoma City",5482376,"N","P13L",0.472247377255759,47.2247377255759,"P",13,"L","North America","USA","Oklahoma","Oklahoma City"
"Spike_N679K","Spike_N679K",2020-03-18,"EPI_ISL_421580","North America/USA/New York/Brooklyn",5479501,"Spike","N679K",0.471999727111075,47.1999727111075,"N",679,"K","North America","USA","New York","Brooklyn"
"Spike_Q954H","Spike_Q954H",2020-01-27,"EPI_ISL_17121378","North America/USA/Oklahoma/Oklahoma City",5477722,"Spike","Q954H",0.471846485508504,47.1846485508504,"Q",954,"H","North America","USA","Oklahoma","Oklahoma City"
"Spike_D796Y","Spike_D796Y",2020-01-27,"EPI_ISL_17121378","North America/USA/Oklahoma/Oklahoma City",5455993,"Spike","D796Y",0.46997476724978,46.997476724978,"D",796,"Y","North America","USA","Oklahoma","Oklahoma City"
"NSP5_P132H","NSP5_P132H",2020-01-27,"EPI_ISL_17121378","North America/USA/Oklahoma/Oklahoma City",5439663,"NSP5","P132H",0.468568114427977,46.8568114427977,"P",132,"H","North America","USA","Oklahoma","Oklahoma City"
"M_A63T","M_A63T",2020-01-27,"EPI_ISL_17121378","North America/USA/Oklahoma/Oklahoma City",5437134,"M","A63T",0.468350268439836,46.8350268439836,"A",63,"T","North America","USA","Oklahoma","Oklahoma City"
"E_T9I","E_T9I",2020-01-27,"EPI_ISL_17121378","North America/USA/Oklahoma/Oklahoma City",5433742,"E","T9I",0.4680580843387,46.80580843387,"T",9,"I","North America","USA","Oklahoma","Oklahoma City"
"NSP14_I42V","NSP14_I42V",2020-01-27,"EPI_ISL_17121378","North America/USA/Oklahoma/Oklahoma City",5385365,"NSP14","I42V",0.463890929191095,46.3890929191095,"I",42,"V","North America","USA","Oklahoma","Oklahoma City"
"Spike_S477N","Spike_S477N",2020-01-10,"EPI_ISL_8317205","Asia/Lebanon",5285659,"Spike","S477N",0.455302336034285,45.5302336034285,"S",477,"N","Asia","Lebanon",NA,NA
"Spike_N764K","Spike_N764K",2020-01-27,"EPI_ISL_17121378","North America/USA/Oklahoma/Oklahoma City",5267834,"Spike","N764K",0.453766905137246,45.3766905137246,"N",764,"K","North America","USA","Oklahoma","Oklahoma City"
"M_Q19E","M_Q19E",2020-01-27,"EPI_ISL_17121378","North America/USA/Oklahoma/Oklahoma City",5233720,"M","Q19E",0.450828353124815,45.0828353124815,"Q",19,"E","North America","USA","Oklahoma","Oklahoma City"
"Spike_E484A","Spike_E484A",2020-03-03,"EPI_ISL_578200","Europe/Spain/La Rioja",5215991,"Spike","E484A",0.449301191589129,44.9301191589129,"E",484,"A","Europe","Spain","La Rioja",NA
"Spike_S373P","Spike_S373P",2020-03-28,"EPI_ISL_12269393","Europe/France/Grand Est",5185240,"Spike","S373P",0.446652325641593,44.6652325641593,"S",373,"P","Europe","France","Grand Est",NA
"Spike_S375F","Spike_S375F",2020-03-28,"EPI_ISL_12269393","Europe/France/Grand Est",5168151,"Spike","S375F",0.445180293181593,44.5180293181593,"S",375,"F","Europe","France","Grand Est",NA
"Spike_Y505H","Spike_Y505H",2020-03-28,"EPI_ISL_12269393","Europe/France/Grand Est",5124215,"Spike","Y505H",0.441395682135742,44.1395682135742,"Y",505,"H","Europe","France","Grand Est",NA
"Spike_Q498R","Spike_Q498R",2020-03-28,"EPI_ISL_12269393","Europe/France/Grand Est",5093510,"Spike","Q498R",0.43875077859052,43.875077859052,"Q",498,"R","Europe","France","Grand Est",NA
"Spike_G339D","Spike_G339D",2020-03-05,"EPI_ISL_420138","Europe/Norway",4933857,"Spike","G339D",0.424998399964717,42.4998399964717,"G",339,"D","Europe","Norway",NA,NA
"Spike_K417N","Spike_K417N",2020-02-18,"EPI_ISL_10980369","Africa/Zambia/Choma/Macha",4679852,"Spike","K417N",0.403118617355891,40.3118617355891,"K",417,"N","Africa","Zambia","Choma","Macha"
"Spike_N440K","Spike_N440K",2020-03-10,"EPI_ISL_3458197","North America/Canada/Quebec",4617770,"Spike","N440K",0.397770924735977,39.7770924735977,"N",440,"K","North America","Canada","Quebec",NA
"NSP12_G671S","NSP12_G671S",2020-03-11,"EPI_ISL_852796","Europe/Germany/Baden-Wurttemberg/Freiburg",4172055,"NSP12","G671S",0.359377399783739,35.9377399783739,"G",671,"S","Europe","Germany","Baden-Wurttemberg","Freiburg"
"M_I82T","M_I82T",2020-03-10,"EPI_ISL_3458197","North America/Canada/Quebec",3851201,"M","I82T",0.331739299080318,33.1739299080318,"I",82,"T","North America","Canada","Quebec",NA
"N_D377Y","N_D377Y",2020-01-04,"EPI_ISL_14307752","North America/USA/Montana/Yellowstone",3849759,"N","D377Y",0.331615086381663,33.1615086381663,"D",377,"Y","North America","USA","Montana","Yellowstone"
"Spike_P681R","Spike_P681R",2020-03-03,"EPI_ISL_2758215","Asia/India",3847293,"Spike","P681R",0.33140266716191,33.140266716191,"P",681,"R","Asia","India",NA,NA
"NS3_S26L","NS3_S26L",2020-03-03,"EPI_ISL_2758215","Asia/India",3841643,"NS3","S26L",0.330915980790618,33.0915980790618,"S",26,"L","Asia","India",NA,NA
"N_R203M","N_R203M",2020-03-03,"EPI_ISL_2758215","Asia/India",3832937,"N","R203M",0.330166053082926,33.0166053082926,"R",203,"M","Asia","India",NA,NA
"NSP13_P77L","NSP13_P77L",2020-02-05,"EPI_ISL_455462","Asia/China/Jiangxi/Fuzhou",3825776,"NSP13","P77L",0.329549210409507,32.9549210409507,"P",77,"L","Asia","China","Jiangxi","Fuzhou"
"Spike_T19R","Spike_T19R",2020-03-12,"EPI_ISL_6661895","North America/USA/New York/Westchester County",3817045,"Spike","T19R",0.328797129222295,32.8797129222295,"T",19,"R","North America","USA","New York","Westchester County"
"N_D63G","N_D63G",2020-03-12,"EPI_ISL_6661895","North America/USA/New York/Westchester County",3745555,"N","D63G",0.322639039189796,32.2639039189796,"D",63,"G","North America","USA","New York","Westchester County"
"NS7a_T120I","NS7a_T120I",2020-02-28,"EPI_ISL_693387","Europe/France/Provence-Alpes-Cote d'Azur/Nice",3708791,"NS7a","T120I",0.319472218348352,31.9472218348352,"T",120,"I","Europe","France","Provence-Alpes-Cote d'Azur","Nice"
"Spike_D950N","Spike_D950N",2020-03-12,"EPI_ISL_6661895","North America/USA/New York/Westchester County",3685460,"Spike","D950N",0.317462505122051,31.7462505122051,"D",950,"N","North America","USA","New York","Westchester County"
"NS7a_V82A","NS7a_V82A",2020-03-03,"EPI_ISL_2758215","Asia/India",3671185,"NS7a","V82A",0.316232868316709,31.6232868316709,"V",82,"A","Asia","India",NA,NA
"NS3_T223I","NS3_T223I",2020-02-24,"EPI_ISL_2099688","Asia/India/Himachal Pradesh",3622136,"NS3","T223I",0.312007827639634,31.2007827639634,"T",223,"I","Asia","India","Himachal Pradesh",NA
"Spike_E156G","Spike_E156G",2020-03-12,"EPI_ISL_6661895","North America/USA/New York/Westchester County",3610738,"Spike","E156G",0.311026013257337,31.1026013257337,"E",156,"G","North America","USA","New York","Westchester County"
"NSP13_R392C","NSP13_R392C",2020-01-26,"EPI_ISL_493181","Asia/China/Hubei/Wuhan",3584210,"NSP13","R392C",0.308740913070148,30.8740913070148,"R",392,"C","Asia","China","Hubei","Wuhan"
"NSP3_G489S","NSP3_G489S",2020-01-26,"EPI_ISL_428466","Asia/China/Guangdong/Dongguan",3565643,"NSP3","G489S",0.307141566900985,30.7141566900985,"G",489,"S","Asia","China","Guangdong","Dongguan"
"NSP4_L264F","NSP4_L264F",2020-02-23,"EPI_ISL_542227","Europe/Italy/Lombardy",3560172,"NSP4","L264F",0.30667029944305,30.667029944305,"L",264,"F","Europe","Italy","Lombardy",NA
"Spike_T19I","Spike_T19I",2020-03-22,"EPI_ISL_462265","Europe/Belgium/Beveren-Waas",3558539,"Spike","T19I",0.30652963416087,30.652963416087,"T",19,"I","Europe","Belgium","Beveren-Waas",NA
"NSP3_T24I","NSP3_T24I",2020-03-28,"EPI_ISL_12269393","Europe/France/Grand Est",3556157,"NSP3","T24I",0.3063244506323,30.63244506323,"T",24,"I","Europe","France","Grand Est",NA
"NSP1_S135R","NSP1_S135R",2020-03-28,"EPI_ISL_12269393","Europe/France/Grand Est",3550000,"NSP1","S135R",0.305794091696364,30.5794091696364,"S",135,"R","Europe","France","Grand Est",NA
"NSP4_T327I","NSP4_T327I",2019-12-30,"EPI_ISL_402130","Asia/China/Hubei/Wuhan",3540980,"NSP4","T327I",0.305017116285913,30.5017116285913,"T",327,"I","Asia","China","Hubei","Wuhan"
"N_S413R","N_S413R",2020-03-28,"EPI_ISL_12269393","Europe/France/Grand Est",3537860,"N","S413R",0.304748362041943,30.4748362041943,"S",413,"R","Europe","France","Grand Est",NA
"Spike_D405N","Spike_D405N",2020-03-28,"EPI_ISL_12269393","Europe/France/Grand Est",3499202,"Spike","D405N",0.301418393592141,30.1418393592141,"D",405,"N","Europe","France","Grand Est",NA
"NSP6_T77A","NSP6_T77A",2020-03-03,"EPI_ISL_2758215","Asia/India",3463666,"NSP6","T77A",0.29835735166467,29.835735166467,"T",77,"A","Asia","India",NA,NA
"NSP14_A394V","NSP14_A394V",2020-03-12,"EPI_ISL_6661895","North America/USA/New York/Westchester County",3462224,"NSP14","A394V",0.298233138966015,29.8233138966015,"A",394,"V","North America","USA","New York","Westchester County"
"Spike_S371F","Spike_S371F",2020-03-28,"EPI_ISL_12269393","Europe/France/Grand Est",3460204,"Spike","S371F",0.29805913782088,29.805913782088,"S",371,"F","Europe","France","Grand Est",NA
"NSP15_T112I","NSP15_T112I",2020-03-19,"EPI_ISL_1379452","North America/USA/Florida",3458024,"NSP15","T112I",0.297871354406824,29.7871354406824,"T",112,"I","North America","USA","Florida",NA
"NSP4_V167L","NSP4_V167L",2020-03-12,"EPI_ISL_6661895","North America/USA/New York/Westchester County",3456796,"NSP4","V167L",0.297765575492852,29.7765575492852,"V",167,"L","North America","USA","New York","Westchester County"
"Spike_T376A","Spike_T376A",2020-03-28,"EPI_ISL_12269393","Europe/France/Grand Est",3452505,"Spike","T376A",0.297395952268213,29.7395952268213,"T",376,"A","Europe","France","Grand Est",NA
"N_G215C","N_G215C",2020-03-12,"EPI_ISL_6661895","North America/USA/New York/Westchester County",3448096,"N","G215C",0.297016164620244,29.7016164620244,"G",215,"C","North America","USA","New York","Westchester County"
"NSP3_A488S","NSP3_A488S",2020-03-12,"EPI_ISL_6661895","North America/USA/New York/Westchester County",3441482,"NSP3","A488S",0.2964464400787,29.64464400787,"A",488,"S","North America","USA","New York","Westchester County"
"Spike_A27S","Spike_A27S",2020-02-18,"EPI_ISL_16138301","Asia/China/Anhui/Hefei",3431885,"Spike","A27S",0.295619762360951,29.5619762360951,"A",27,"S","Asia","China","Anhui","Hefei"
"NSP3_P1228L","NSP3_P1228L",2020-03-09,"EPI_ISL_454479","Europe/Sweden/Stockholm",3426668,"NSP3","P1228L",0.295170374254928,29.5170374254928,"P",1228,"L","Europe","Sweden","Stockholm",NA
"NSP3_P1469S","NSP3_P1469S",2020-03-12,"EPI_ISL_6661895","North America/USA/New York/Westchester County",3421112,"NSP3","P1469S",0.294691784966628,29.4691784966628,"P",1469,"S","North America","USA","New York","Westchester County"
"NS7b_T40I","NS7b_T40I",2020-02-11,"EPI_ISL_451342","Asia/China/Sichuan",3420155,"NS7b","T40I",0.294609349770642,29.4609349770642,"T",40,"I","Asia","China","Sichuan",NA
"Spike_T95I","Spike_T95I",2020-01-10,"EPI_ISL_8311741","Asia/Lebanon",3405441,"Spike","T95I",0.293341897864946,29.3341897864946,"T",95,"I","Asia","Lebanon",NA,NA
"Spike_R408S","Spike_R408S",2020-03-28,"EPI_ISL_12269393","Europe/France/Grand Est",3328359,"Spike","R408S",0.286702117533639,28.6702117533639,"R",408,"S","Europe","France","Grand Est",NA
"Spike_V213G","Spike_V213G",2020-03-28,"EPI_ISL_12269393","Europe/France/Grand Est",3291486,"Spike","V213G",0.283525907521492,28.3525907521492,"V",213,"G","Europe","France","Grand Est",NA
"Spike_Q493R","Spike_Q493R",2020-03-28,"EPI_ISL_12269393","Europe/France/Grand Est",3228286,"Spike","Q493R",0.278081911297489,27.8081911297489,"Q",493,"R","Europe","France","Grand Est",NA
"NSP4_L438F","NSP4_L438F",2020-03-13,"EPI_ISL_430895","North America/USA/Washington",1922769,"NSP4","L438F",0.165625746449838,16.5625746449838,"L",438,"F","North America","USA","Washington",NA
"NSP6_I189V","NSP6_I189V",2020-01-27,"EPI_ISL_17121378","North America/USA/Oklahoma/Oklahoma City",1917418,"NSP6","I189V",0.165164815693594,16.5164815693594,"I",189,"V","North America","USA","Oklahoma","Oklahoma City"
"Spike_T547K","Spike_T547K",2020-01-27,"EPI_ISL_17121378","North America/USA/Oklahoma/Oklahoma City",1906677,"Spike","T547K",0.164239594753056,16.4239594753056,"T",547,"K","North America","USA","Oklahoma","Oklahoma City"
"NSP3_A1892T","NSP3_A1892T",2020-01-27,"EPI_ISL_17121378","North America/USA/Oklahoma/Oklahoma City",1901676,"NSP3","A1892T",0.163808812710077,16.3808812710077,"A",1892,"T","North America","USA","Oklahoma","Oklahoma City"
"Spike_N856K","Spike_N856K",2020-01-25,"EPI_ISL_493155","Asia/China/Hubei/Wuhan",1900886,"Spike","N856K",0.163740762757277,16.3740762757277,"N",856,"K","Asia","China","Hubei","Wuhan"
"Spike_L981F","Spike_L981F",2020-01-27,"EPI_ISL_17121378","North America/USA/Oklahoma/Oklahoma City",1899593,"Spike","L981F",0.163629384796555,16.3629384796555,"L",981,"F","North America","USA","Oklahoma","Oklahoma City"
"Spike_A67V","Spike_A67V",2020-03-12,"EPI_ISL_779718","Europe/Spain/Madrid/Madrid",1889859,"Spike","A67V",0.162790906011042,16.2790906011042,"A",67,"V","Europe","Spain","Madrid","Madrid"
"NSP3_L1266I","NSP3_L1266I",2020-01-27,"EPI_ISL_17121378","North America/USA/Oklahoma/Oklahoma City",1864425,"NSP3","L1266I",0.160600042087604,16.0600042087604,"L",1266,"I","North America","USA","Oklahoma","Oklahoma City"
"NSP3_K38R","NSP3_K38R",2020-01-27,"EPI_ISL_17121378","North America/USA/Oklahoma/Oklahoma City",1861889,"NSP3","K38R",0.160381593125198,16.0381593125198,"K",38,"R","North America","USA","Oklahoma","Oklahoma City"
"M_D3G","M_D3G",2020-02-19,"EPI_ISL_6951243","Asia/China/Guangxi/Nanning",1782009,"M","D3G",0.153500795366126,15.3500795366126,"D",3,"G","Asia","China","Guangxi","Nanning"
"Spike_G446S","Spike_G446S",2020-04-04,"EPI_ISL_440772","Europe/United Kingdom/England",1739400,"Spike","G446S",0.149830491013142,14.9830491013142,"G",446,"S","Europe","United Kingdom","England",NA
"Spike_L212I","Spike_L212I",2020-04-02,"EPI_ISL_433695","Europe/United Kingdom/England",1698107,"Spike","L212I",0.146273545822039,14.6273545822039,"L",212,"I","Europe","United Kingdom","England",NA
"Spike_G496S","Spike_G496S",2020-05-30,"EPI_ISL_13597467","North America/USA/Minnesota/Stearns County",1681519,"Spike","G496S",0.144844669091599,14.4844669091599,"G",496,"S","North America","USA","Minnesota","Stearns County"
"Spike_S371L","Spike_S371L",2020-05-30,"EPI_ISL_13597467","North America/USA/Minnesota/Stearns County",1667303,"Spike","S371L",0.143620114497922,14.3620114497922,"S",371,"L","North America","USA","Minnesota","Stearns County"
"Spike_F486V","Spike_F486V",2020-03-31,"EPI_ISL_14471084","Europe/Slovakia/Ilava",1595654,"Spike","F486V",0.137448328335682,13.7448328335682,"F",486,"V","Europe","Slovakia","Ilava",NA
"M_D3N","M_D3N",2020-03-31,"EPI_ISL_14471084","Europe/Slovakia/Ilava",1379957,"M","D3N",0.118868365463391,11.8868365463391,"D",3,"N","Europe","Slovakia","Ilava",NA
"NS8_Q27stop","NS8_Q27stop",2020-02-07,"EPI_ISL_1603195","Europe/Spain/Castilla y Leon",1021726,"NS8","Q27stop",0.0880106406007209,8.80106406007209,"Q",27,"stop","Europe","Spain","Castilla y Leon",NA
"NSP3_T183I","NSP3_T183I",2020-02-07,"EPI_ISL_1603195","Europe/Spain/Castilla y Leon",1021434,"NSP3","T183I",0.0879854879599391,8.79854879599391,"T",183,"I","Europe","Spain","Castilla y Leon",NA
"Spike_T716I","Spike_T716I",2020-02-07,"EPI_ISL_1603195","Europe/Spain/Castilla y Leon",1020201,"Spike","T716I",0.0878792783500626,8.78792783500626,"T",716,"I","Europe","Spain","Castilla y Leon",NA
"NS8_R52I","NS8_R52I",2020-02-07,"EPI_ISL_1603195","Europe/Spain/Castilla y Leon",1013140,"NS8","R52I",0.0872710495947195,8.72710495947195,"R",52,"I","Europe","Spain","Castilla y Leon",NA
"Spike_A570D","Spike_A570D",2020-02-07,"EPI_ISL_1603195","Europe/Spain/Castilla y Leon",1011028,"Spike","A570D",0.0870891236449553,8.70891236449553,"A",570,"D","Europe","Spain","Castilla y Leon",NA
"NSP3_A890D","NSP3_A890D",2020-03-15,"EPI_ISL_2103488","Europe/Spain/Comunitat Valenciana/Alicante",1010949,"NSP3","A890D",0.0870823186496753,8.70823186496753,"A",890,"D","Europe","Spain","Comunitat Valenciana","Alicante"
"N_S235F","N_S235F",2020-02-07,"EPI_ISL_1603195","Europe/Spain/Castilla y Leon",1010698,"N","S235F",0.0870606977153047,8.70606977153047,"S",235,"F","Europe","Spain","Castilla y Leon",NA
"Spike_S982A","Spike_S982A",2020-02-07,"EPI_ISL_1603195","Europe/Spain/Castilla y Leon",1010182,"Spike","S982A",0.0870162498980327,8.70162498980327,"S",982,"A","Europe","Spain","Castilla y Leon",NA
"Spike_D1118H","Spike_D1118H",2020-02-07,"EPI_ISL_1603195","Europe/Spain/Castilla y Leon",1009712,"Spike","D1118H",0.0869757644830758,8.69757644830758,"D",1118,"H","Europe","Spain","Castilla y Leon",NA
"NS8_Y73C","NS8_Y73C",2020-02-07,"EPI_ISL_1603195","Europe/Spain/Castilla y Leon",1004364,"NS8","Y73C",0.0865150921443738,8.65150921443738,"Y",73,"C","Europe","Spain","Castilla y Leon",NA
"NSP3_I1412T","NSP3_I1412T",2020-02-07,"EPI_ISL_1603195","Europe/Spain/Castilla y Leon",1001880,"NSP3","I1412T",0.086301122419367,8.6301122419367,"I",1412,"T","Europe","Spain","Castilla y Leon",NA
"N_D3L","N_D3L",2020-02-07,"EPI_ISL_1603195","Europe/Spain/Castilla y Leon",994524,"N","D3L",0.0856674826056999,8.56674826056999,"D",3,"L","Europe","Spain","Castilla y Leon",NA
"Spike_R346K","Spike_R346K",2020-03-23,"EPI_ISL_15026478","North America/USA/Iowa",964314,"Spike","R346K",0.0830652179549542,8.30652179549542,"R",346,"K","North America","USA","Iowa",NA
"NSP3_A1711V","NSP3_A1711V",2020-03-12,"EPI_ISL_465061","Europe/United Kingdom/England",961578,"NSP3","A1711V",0.0828295411563961,8.28295411563961,"A",1711,"V","Europe","United Kingdom","England",NA
